,ID,imgname,pred_bil_value
0,10507,jaundice_0025185.JPG,0.43336025
1,10507,jaundice_0025186.JPG,0.41889593
2,10507,jaundice_0025187.JPG,0.42323855
3,10868,jaundice_0039735.JPG,0.5076105
4,10868,jaundice_0039736.JPG,0.5376251
5,10868,jaundice_0039737.JPG,0.560967
6,10882,jaundice_0040666.JPG,0.647979
7,10882,jaundice_0040667.JPG,0.6419283
8,10882,jaundice_0040668.JPG,0.63953483
9,224,normal_0039896.JPG,0.13370456
10,224,normal_0039897.JPG,0.13863467
11,224,normal_0039898.JPG,0.14014138
